-- 插入学生表记录
INSERT INTO Student VALUES 
('S160001', '张三', '男', '1998-01-01', '110101199801011111', '11-101'),
('S160002', '李四', '男', '1998-02-02', '110101199802022222', '11-101'),
('S160003', '王五', '女', '1998-03-03', '110101199803033333', '11-102'),
('S160004', '赵六', '女', '1998-04-04', '110101199804044444', '11-102');
-- 插入宿舍表记录
INSERT INTO Dormitory VALUES 
('11-101', 6, 4, '男'),
('11-102', 6, 4, '女');
-- 插入教职工表记录
INSERT INTO Employee VALUES 
('T0001', '张老师', '教师', '1980-01-01', '110101198001011111', '男', '副教授'),
('T0002', '李老师', '教师', '1980-02-02', '110101198002022222', '女','教授'),
('C0001', '王职员', '职员', '1990-01-01', '110101199001011111', '男', NULL),
('C0002', '赵职员', '职员', '1990-02-02', '110101199002022222', '女', NULL);
-- 插入课程表记录
INSERT INTO Course VALUES
('C0001', 'TC-2016-001', '计算机导论', 48),
('C0002', 'TC-2016-002', '高数', 64),
('C0003', 'TC-2016-003', '英语', 48);
-- 插入 Class 表数据
INSERT INTO Class VALUES
('TC-2016-001', 'T0001', '2016-01', '周一8:00-10:00', '周三8:00-10:00', '101', 60, '优秀'),
('TC-2016-002', 'T0002', '2016-01', '周二8:00-10:00', '周四8:00-10:00', '102', 50, '良好'),
('TC-2016-003', 'T0003', '2016-01', '周一10:00-12:00', '周三10:00-12:00', '103', 70, '中等');
-- 插入 ExamScore 表数据
INSERT INTO ExamScore VALUES
('C0001', 'S160001', 90),
('C0001', 'S160002', 85),
('C0001', 'S160003', 95),
('C0002', 'S160001', 80),
('C0002', 'S160002', 75),
('C0002', 'S160003', 85),
('C0003', 'S160001', 70),
('C0003', 'S160002', 65),
('C0003', 'S160003', 75);
-- 插入 Salary 表数据
INSERT INTO Salary VALUES
('T0001', '2022-01-01', 10000.00, 500.00, 2000.00, 9000.00),
('T0002', '2022-01-01', 9000.00, 450.00, 1800.00, 8100.00),
('T0003', '2022-01-01', 8000.00, 400.00, 1600.00, 7200.00);